Name,Blood Group,State,City,Contact No.,Pincode,Email,Hospital Name,Latitude,Longitude
Hunar Dar,O-,maharashtra,mumbai,91388520713,23554,devanemir@koshy.com,Lilavati Hospital,19.0759837,72.8776559
Umang Kapoor,B+,karnataka,bengaluru,91676126981,448584,ihora@sandal.com,Fortis Hospital,12.9715987,77.5945627
Anay Tandon,A+,uttar pradesh,lucknow,91513571641,182968,kapurdrishya@ram.com,Medanta Lucknow,26.8466937,80.946166
Jivika Johal,B+,tamil nadu,chennai,91124636779,917412,sachdevahimmat@hotmail.com,Apollo Chennai,13.0826802,80.2707184
Kanav Agrawal,A+,uttar pradesh,kanpur,91618706141,742700,mahika87@dutta.com,Kanpur General Hospital 5,26.447965,80.330572
Saanvi Malhotra,O+,delhi,new delhi,91523205489,337300,yashvi19@ganguly.biz,Sir Ganga Ram Hospital,,
Divyansh Bandi,A-,kerala,kochi,91456770391,498018,ishitahalder@gala.com,Kochi General Hospital 7,9.9312328,76.2673041
Eva Batra,AB+,karnataka,bengaluru,91982422532,677063,navyadara@hotmail.com,Fortis Hospital,12.9715987,77.5945627
Anvi Agarwal,AB+,gujarat,vadodara,91991726282,652484,surihansh@hotmail.com,Vadodara General Hospital 9,22.3071588,73.1812187
Stuvan Chand,AB+,tamil nadu,chennai,91327826381,462518,ivan56@devi.org,Apollo Chennai,13.0826802,80.2707184
Divij Dani,A-,uttar pradesh,lucknow,91256944319,679713,ldugar@bal-seth.com,Medanta Lucknow,26.8466937,80.946166
Divij Saha,AB+,gujarat,vadodara,91459601648,296672,dharmajansundaram@yahoo.com,Vadodara General Hospital 12,22.3071588,73.1812187
Advika Gaba,AB-,kerala,kochi,91583286563,903465,anika48@sarin-dhaliwal.net,Kochi General Hospital 13,9.9312328,76.2673041
Kavya Ramesh,B+,tamil nadu,madurai,91419100159,27811,jivin91@chaudhari.com,Madurai General Hospital 14,9.9252007,78.1197754
Tiya Krish,A-,tamil nadu,coimbatore,91464260507,287485,jchoudhury@yahoo.com,Coimbatore General Hospital 15,11.0168445,76.9558321
Mannat Vala,O-,kerala,kozhikode,91318921045,738888,ishaansharaf@yahoo.com,Kozhikode General Hospital 16,,
Jayesh Venkataraman,AB-,karnataka,mysuru,91618259541,54502,fshukla@gmail.com,Mysuru General Hospital 17,,
Vardaniya Bumb,AB+,gujarat,surat,91423485566,75765,mchatterjee@hotmail.com,Surat General Hospital 18,21.1702401,72.8310607
Vaibhav Bakshi,O+,tamil nadu,chennai,91846309123,13530,hiran02@gmail.com,MIOT International,13.0826802,80.2707184
Baiju Badami,AB+,maharashtra,nagpur,91397773850,47437,anahita99@hotmail.com,Nagpur General Hospital 20,21.1458004,79.0881546
Fateh Chawla,B-,gujarat,ahmedabad,91915271683,423017,vkeer@gmail.com,Sterling Hospital,23.022505,72.5713621
Shalv Kar,B-,karnataka,bengaluru,91694416227,410233,sarasethi@rout.com,Fortis Hospital,12.9715987,77.5945627
Shalv Dhar,A+,maharashtra,mumbai,91903971751,944824,sumer56@hotmail.com,Lilavati Hospital,19.0759837,72.8776559
Riya Swamy,O-,uttar pradesh,kanpur,91143135356,842698,shanayaganguly@gmail.com,Kanpur General Hospital 24,26.447965,80.330572
Parinaaz Bakshi,A-,uttar pradesh,lucknow,91898754864,100074,sdatta@hora.com,Medanta Lucknow,26.8466937,80.946166
Piya Dhaliwal,O-,gujarat,ahmedabad,91157096488,667282,banerjeezaina@yahoo.com,CIMS Hospital,23.022505,72.5713621
Divij Kalita,B+,maharashtra,nagpur,91181787888,939961,indransgola@saran.com,Nagpur General Hospital 27,21.1458004,79.0881546
Ayesha Uppal,A+,kerala,kochi,91662403027,335276,zachariahzain@yahoo.com,Kochi General Hospital 28,9.9312328,76.2673041
Priyansh Saxena,A-,gujarat,ahmedabad,91708337962,523939,kurianvidur@yahoo.com,Sterling Hospital,23.022505,72.5713621
Jiya Shankar,AB-,tamil nadu,coimbatore,91258129085,433357,alisha68@yahoo.com,Coimbatore General Hospital 30,11.0168445,76.9558321
Prerak Devi,B-,kerala,kochi,91193913909,948467,tsodhi@hotmail.com,Kochi General Hospital 31,9.9312328,76.2673041
Yuvaan Ratti,A-,gujarat,surat,91107826951,855803,riaan08@gmail.com,Surat General Hospital 32,21.1702401,72.8310607
Raghav Issac,O-,kerala,kochi,91430960149,496274,shananay@gera.com,Kochi General Hospital 33,9.9312328,76.2673041
Vardaniya Bose,AB+,karnataka,hubli,91988391355,355116,jshah@solanki.com,Hubli General Hospital 34,15.3647083,75.1239547
Lavanya Dixit,O+,karnataka,mysuru,91866346349,971910,laganramachandran@yahoo.com,Mysuru General Hospital 35,,
Aarav Chandran,AB+,tamil nadu,coimbatore,91782578505,331120,madanhazel@andra.net,Coimbatore General Hospital 36,11.0168445,76.9558321
Piya Walla,A+,gujarat,vadodara,91847618015,301294,ivana52@sane.com,Vadodara General Hospital 37,22.3071588,73.1812187
Chirag Rajan,O-,delhi,new delhi,91250660357,412490,sethishita@yahoo.com,Sir Ganga Ram Hospital,,
Emir Ahuja,B+,gujarat,vadodara,91315674506,814456,choudhrynishith@hotmail.com,Vadodara General Hospital 39,22.3071588,73.1812187
Akarsh Kaul,A-,kerala,thiruvananthapuram,91907526136,665904,bapte@kaul.com,Thiruvananthapuram General Hospital 40,8.5241391,76.9366376
Gatik Gandhi,AB-,delhi,new delhi,91812715658,587006,advika47@sanghvi.info,AIIMS Delhi,,
Darshit Chandran,O-,tamil nadu,coimbatore,91118234025,573707,vvenkataraman@hotmail.com,Coimbatore General Hospital 42,11.0168445,76.9558321
Hiran Brahmbhatt,A-,delhi,new delhi,91604748527,59594,wrandhawa@yahoo.com,AIIMS Delhi,,
Armaan Khanna,AB-,karnataka,mysuru,91634507937,114514,reddydhanush@walia.com,Mysuru General Hospital 44,,
Priyansh Krish,O+,uttar pradesh,kanpur,91123719388,201072,lkari@rama.org,Kanpur General Hospital 45,26.447965,80.330572
Zara Chokshi,O+,uttar pradesh,varanasi,91360760281,666909,glata@lad-bajaj.org,Varanasi General Hospital 46,25.3176452,82.9739144
Lakshay Sinha,AB-,uttar pradesh,kanpur,91583656749,800620,cgrover@kalita.com,Kanpur General Hospital 47,26.447965,80.330572
Mehul Iyer,AB-,kerala,kozhikode,91233157664,748256,yadavjivin@hotmail.com,Kozhikode General Hospital 48,,
Faiyaz Sekhon,B+,uttar pradesh,kanpur,91907078012,179666,kismatvarty@hotmail.com,Kanpur General Hospital 49,26.447965,80.330572
Shaan Mand,AB-,tamil nadu,coimbatore,91478178294,394128,srana@mander-handa.com,Coimbatore General Hospital 50,11.0168445,76.9558321
Saanvi Seth,O-,gujarat,vadodara,91259401824,199199,myrashankar@magar.info,Vadodara General Hospital 51,22.3071588,73.1812187
Krish Chand,AB+,gujarat,surat,91331202985,532864,avarughese@gmail.com,Surat General Hospital 52,21.1702401,72.8310607
Tushar Bahri,AB+,west bengal,kolkata,91861499917,647944,aarnathaman@mannan-bahl.com,AMRI Hospitals,22.572646,88.363895
Arhaan Toor,O+,tamil nadu,coimbatore,91989982772,875420,surmohanlal@gmail.com,Coimbatore General Hospital 54,11.0168445,76.9558321
Zara Mangat,A+,west bengal,kolkata,91779246193,419259,adhar@yahoo.com,AMRI Hospitals,22.572646,88.363895
Hazel Bansal,A+,maharashtra,mumbai,91741691296,473668,mangalparinaaz@gmail.com,Kokilaben Hospital,19.0759837,72.8776559
Alisha Ray,O-,tamil nadu,chennai,91464238244,973788,chawladhruv@hotmail.com,MIOT International,13.0826802,80.2707184
Miraan Gokhale,AB-,kerala,kochi,91805939383,33317,jayeshraju@aggarwal.org,Kochi General Hospital 58,9.9312328,76.2673041
Dishani Kari,B-,uttar pradesh,varanasi,91783719674,897226,yashvi04@tara-bajwa.net,Varanasi General Hospital 59,25.3176452,82.9739144
Keya Sahota,O-,delhi,new delhi,91584933970,956643,bhavinchokshi@gmail.com,Sir Ganga Ram Hospital,,
Taimur Balakrishnan,AB-,gujarat,vadodara,91338459186,390720,samabaiju@sood.com,Vadodara General Hospital 61,22.3071588,73.1812187
Ayesha Gupta,AB-,west bengal,kolkata,91534624468,609628,bariakaira@rajan.com,Fortis Kolkata,22.572646,88.363895
Manikya Bava,A-,karnataka,hubli,91537109770,484057,manieshani@yahoo.com,Hubli General Hospital 63,15.3647083,75.1239547
Arnav Dyal,AB+,kerala,kochi,91319229515,640172,tdada@bhatti-sane.com,Kochi General Hospital 64,9.9312328,76.2673041
Krish Suresh,A+,tamil nadu,chennai,91116289845,122708,nbasu@bir.net,MIOT International,13.0826802,80.2707184
Sumer Thakur,O+,maharashtra,nagpur,91244381125,364442,tanya73@hotmail.com,Nagpur General Hospital 66,21.1458004,79.0881546
Jayan Issac,A-,tamil nadu,madurai,91523365854,220644,shaanuppal@gmail.com,Madurai General Hospital 67,9.9252007,78.1197754
Tejas Sankaran,A+,tamil nadu,coimbatore,91191014567,406344,jhanvi03@yahoo.com,Coimbatore General Hospital 68,11.0168445,76.9558321
Kashvi Malhotra,B+,gujarat,surat,91359518769,297573,fsarraf@kanda.com,Surat General Hospital 69,21.1702401,72.8310607
Anvi Agate,AB-,karnataka,bengaluru,91778747467,228119,imangat@kale.com,Fortis Hospital,12.9715987,77.5945627
Ivan Biswas,O+,west bengal,kolkata,91857232265,919502,ykala@kalita.com,AMRI Hospitals,22.572646,88.363895
Eshani Iyengar,A+,maharashtra,pune,91496410501,378884,yasminbhattacharyya@hotmail.com,Sahyadri Hospital,18.5204303,73.8567437
Aaryahi Cherian,AB+,maharashtra,nagpur,91820056658,29847,shenoyarmaan@hotmail.com,Nagpur General Hospital 73,21.1458004,79.0881546
Raunak Toor,B-,kerala,kozhikode,91174099696,403528,dhanuk43@chaudhuri.net,Kozhikode General Hospital 74,,
Riaan Rama,O-,delhi,new delhi,91541347660,105684,diyadeol@yahoo.com,AIIMS Delhi,,
Drishya Wali,O+,gujarat,vadodara,91370936165,377392,anvi14@banik.com,Vadodara General Hospital 76,22.3071588,73.1812187
Aayush Gaba,AB-,kerala,kozhikode,91221250516,79741,yuvraj-ramachandran@acharya-yohannan.net,Kozhikode General Hospital 77,,
Priyansh Raju,A-,west bengal,howrah,91428071900,239767,anahimall@hotmail.com,Howrah General Hospital 78,,
Zara Bahri,AB+,tamil nadu,coimbatore,91154365455,447404,khushiapte@yahoo.com,Coimbatore General Hospital 79,11.0168445,76.9558321
Indrajit Majumdar,A-,kerala,kozhikode,91549688358,167648,cmani@hotmail.com,Kozhikode General Hospital 80,,
Reyansh Bhasin,A-,gujarat,surat,91855225336,68690,dchauhan@deshmukh.com,Surat General Hospital 81,21.1702401,72.8310607
Vedika Kohli,O+,delhi,new delhi,91786602491,601258,ehsaan02@gera.com,Sir Ganga Ram Hospital,,
Yuvaan Bala,A+,delhi,new delhi,91558783895,760400,rohan46@mane-vyas.info,AIIMS Delhi,,
Elakshi Lala,O-,west bengal,kolkata,91949961102,609586,amani19@barad.com,Fortis Kolkata,22.572646,88.363895
Hazel Tiwari,O+,gujarat,vadodara,91985785843,243234,bariarhea@bhakta.com,Vadodara General Hospital 85,22.3071588,73.1812187
Kartik Rao,B-,tamil nadu,coimbatore,91716897853,576022,fbuch@shetty.com,Coimbatore General Hospital 86,11.0168445,76.9558321
Advika Sule,O-,uttar pradesh,lucknow,91174301849,641823,bsodhi@yahoo.com,Medanta Lucknow,26.8466937,80.946166
Mishti Balay,AB-,tamil nadu,coimbatore,91986058432,71056,priyansh16@hotmail.com,Coimbatore General Hospital 88,11.0168445,76.9558321
Dishani Mammen,O+,uttar pradesh,varanasi,91557533093,402944,shayak98@tak.com,Varanasi General Hospital 89,25.3176452,82.9739144
Azad Garde,B-,kerala,kochi,91255094987,981232,ravelhazel@hotmail.com,Kochi General Hospital 90,9.9312328,76.2673041
Abram Shukla,B+,karnataka,mysuru,91929082845,697488,ghoseivana@yahoo.com,Mysuru General Hospital 91,,
Elakshi Bhatti,A+,maharashtra,nagpur,91545717518,952227,sarabath@krish-maharaj.net,Nagpur General Hospital 92,21.1458004,79.0881546
Jayesh Dass,B-,karnataka,bengaluru,91256789683,696431,okhatri@gmail.com,Manipal Hospital,12.9715987,77.5945627
Hansh Dhingra,O-,maharashtra,pune,91913204978,45309,devansh88@gmail.com,Sahyadri Hospital,18.5204303,73.8567437
Dhanuk Chawla,B+,tamil nadu,madurai,91739579919,646120,sandalrasha@khare-dhaliwal.org,Madurai General Hospital 95,9.9252007,78.1197754
Sahil Kakar,O+,kerala,thiruvananthapuram,91363463637,374227,nsanghvi@lad.com,Thiruvananthapuram General Hospital 96,8.5241391,76.9366376
Anay Ramakrishnan,O-,uttar pradesh,varanasi,91533251581,103578,qdhawan@dhaliwal-bhasin.com,Varanasi General Hospital 97,25.3176452,82.9739144
Yuvaan Sachar,O+,maharashtra,nagpur,91390822071,46751,mandalraunak@yahoo.com,Nagpur General Hospital 98,21.1458004,79.0881546
Kimaya Ramakrishnan,AB+,karnataka,bengaluru,91210003226,394237,biswasrasha@hotmail.com,Manipal Hospital,12.9715987,77.5945627
Anay Hora,AB-,gujarat,surat,91453552635,422751,usur@cherian.com,Surat General Hospital 100,21.1702401,72.8310607
Shalv Chowdhury,A-,west bengal,howrah,91976175296,534522,ilanka@gmail.com,Howrah General Hospital 101,,
Nishith Lala,O+,uttar pradesh,kanpur,91617245764,410904,ivan05@rau.biz,Kanpur General Hospital 102,26.447965,80.330572
Samarth Mann,AB-,karnataka,mysuru,91696230733,973505,faiyazluthra@dutta.com,Mysuru General Hospital 103,,
Riya Lanka,A+,uttar pradesh,lucknow,91663848206,910293,soodchirag@gmail.com,Apollomedics Hospital,26.8466937,80.946166
Chirag Jha,A+,tamil nadu,chennai,91298138563,272208,nityabadal@hotmail.com,MIOT International,13.0826802,80.2707184
Baiju Kapadia,A-,kerala,thiruvananthapuram,91433468379,77447,kiarakala@toor.info,Thiruvananthapuram General Hospital 106,8.5241391,76.9366376
Yuvaan Raja,AB+,delhi,new delhi,91359097908,29515,rajmadhup@mand.com,AIIMS Delhi,,
Priyansh Chadha,A+,west bengal,howrah,91747188290,197301,lakshaykhare@khurana.com,Howrah General Hospital 108,,
Samiha Malhotra,O-,maharashtra,pune,91726742349,656866,taimur94@yahoo.com,Jehangir Hospital,18.5204303,73.8567437
Neelofar Dixit,A+,delhi,new delhi,91420979005,46567,sarnaarhaan@hotmail.com,Sir Ganga Ram Hospital,,
Advika Varty,O+,gujarat,vadodara,91319861051,646649,taimurdey@hotmail.com,Vadodara General Hospital 111,22.3071588,73.1812187
Rohan Singh,A+,west bengal,howrah,91446359167,163662,yuvraj-51@gola.net,Howrah General Hospital 112,,
Aarav Balasubramanian,O+,uttar pradesh,kanpur,91837302576,74280,sibalsamaira@gmail.com,Kanpur General Hospital 113,26.447965,80.330572
Jivin Wali,A-,uttar pradesh,lucknow,91606516609,698718,svyas@hotmail.com,Apollomedics Hospital,26.8466937,80.946166
Neysa Bali,O-,kerala,kozhikode,91137881700,963022,khannanayantara@issac.biz,Kozhikode General Hospital 115,,
Saira Bhandari,A-,maharashtra,pune,91447984052,402505,arnavarora@hotmail.com,Sahyadri Hospital,18.5204303,73.8567437
Aayush Chauhan,O-,west bengal,kolkata,91165504127,769691,isankaran@hotmail.com,AMRI Hospitals,22.572646,88.363895
Ira Sundaram,O+,gujarat,vadodara,91251361230,449658,hunartandon@sarin.com,Vadodara General Hospital 118,22.3071588,73.1812187
Nitara Deo,AB-,gujarat,vadodara,91323057338,702052,shenoyalisha@hotmail.com,Vadodara General Hospital 119,22.3071588,73.1812187
Aniruddh Krishna,O+,tamil nadu,coimbatore,91114362067,990725,wray@kanda.com,Coimbatore General Hospital 120,11.0168445,76.9558321
Rhea Wagle,B-,karnataka,mysuru,91349336765,921687,indranil29@gmail.com,Mysuru General Hospital 121,,
Devansh Rege,A-,karnataka,mysuru,91721546552,364867,settyanay@hotmail.com,Mysuru General Hospital 122,,
Hunar Sem,B+,maharashtra,mumbai,91448183508,358890,dubearadhya@grover.com,Lilavati Hospital,19.0759837,72.8776559
Reyansh Trivedi,O+,gujarat,surat,91958872448,338261,chaudharivritika@hotmail.com,Surat General Hospital 124,21.1702401,72.8310607
Indrans Deol,AB-,maharashtra,pune,91389583728,603768,badalkala@krishnan.org,Jehangir Hospital,18.5204303,73.8567437
Shlok Mander,AB+,maharashtra,pune,91415542096,94002,raunak92@yahoo.com,Sahyadri Hospital,18.5204303,73.8567437
Sara Kara,B+,uttar pradesh,varanasi,91742381581,814013,gatikdugar@sampath.com,Varanasi General Hospital 127,25.3176452,82.9739144
Prerak Bandi,B+,uttar pradesh,varanasi,91982067242,331050,chandraivana@hotmail.com,Varanasi General Hospital 128,25.3176452,82.9739144
Jivin Sethi,B-,west bengal,kolkata,91999132758,9879,hiran70@hotmail.com,AMRI Hospitals,22.572646,88.363895
Anvi Chadha,B+,maharashtra,pune,91979844544,812800,subramaniamseher@yahoo.com,Sahyadri Hospital,18.5204303,73.8567437
Nirvi Chakrabarti,A+,karnataka,hubli,91824735083,132435,ikhalsa@gmail.com,Hubli General Hospital 131,15.3647083,75.1239547
Manikya Kari,O-,uttar pradesh,lucknow,91532137234,366357,trivediyuvaan@solanki-bumb.com,Apollomedics Hospital,26.8466937,80.946166
Aniruddh Chopra,A-,kerala,thiruvananthapuram,91101025326,899643,anika99@hotmail.com,Thiruvananthapuram General Hospital 133,8.5241391,76.9366376
Aarav Varughese,O-,tamil nadu,chennai,91610545410,470512,vsingh@gmail.com,Apollo Chennai,13.0826802,80.2707184
Divij Sharma,A+,tamil nadu,madurai,91842878060,623659,kbhat@kata.com,Madurai General Hospital 135,9.9252007,78.1197754
Amira Thaker,O-,maharashtra,mumbai,91432344893,302987,hunar64@rattan-ganesh.info,Kokilaben Hospital,19.0759837,72.8776559
Ahana  Gokhale,A-,west bengal,howrah,91997009834,982699,anvi59@yahoo.com,Howrah General Hospital 137,,
Renee Varkey,AB+,gujarat,vadodara,91468173640,271716,sumerde@mandal-wali.org,Vadodara General Hospital 138,22.3071588,73.1812187
Ayesha Kaur,AB-,maharashtra,mumbai,91977929274,987737,riaanuppal@sridhar.com,Lilavati Hospital,19.0759837,72.8776559
Anika Choudhry,O+,tamil nadu,madurai,91574959252,912288,hgara@garg.com,Madurai General Hospital 140,9.9252007,78.1197754
Mohanlal Rattan,O+,west bengal,kolkata,91178985740,930064,gokul77@varghese-mahajan.info,AMRI Hospitals,22.572646,88.363895
Ayesha Lal,A+,karnataka,mysuru,91284147101,21070,purabchakrabarti@gmail.com,Mysuru General Hospital 142,,
Yasmin Ghosh,O+,delhi,new delhi,91215279076,518110,mohanlalchanda@bhandari.net,AIIMS Delhi,,
Tushar Bali,A-,karnataka,hubli,91110412496,517541,kiaankorpal@yahoo.com,Hubli General Hospital 144,15.3647083,75.1239547
Miraan Devan,A+,maharashtra,nagpur,91641559439,419387,qsachdev@sawhney-arya.com,Nagpur General Hospital 145,21.1458004,79.0881546
Gatik Dayal,A+,karnataka,mysuru,91359144358,888487,abutala@bath-yadav.biz,Mysuru General Hospital 146,,
Armaan Mander,A-,west bengal,howrah,91968758363,417078,inaaya-37@chauhan-subramaniam.com,Howrah General Hospital 147,,
Yasmin Guha,AB-,kerala,thiruvananthapuram,91926080563,728124,jivikachakraborty@gmail.com,Thiruvananthapuram General Hospital 148,8.5241391,76.9366376
Kavya Kashyap,AB-,gujarat,ahmedabad,91106216418,849646,dararitvik@hotmail.com,Sterling Hospital,23.022505,72.5713621
Adah Bhavsar,O+,karnataka,hubli,91352262291,442923,mishti17@yahoo.com,Hubli General Hospital 150,15.3647083,75.1239547
Samar Bedi,A-,karnataka,hubli,91567764121,130710,neelofarvenkatesh@yahoo.com,Hubli General Hospital 151,15.3647083,75.1239547
Advik Mander,A-,gujarat,vadodara,91928135651,461626,ryanbarad@ratta.com,Vadodara General Hospital 152,22.3071588,73.1812187
Vidur Dhar,AB+,gujarat,surat,91877134853,656014,edass@gupta.com,Surat General Hospital 153,21.1702401,72.8310607
Khushi Lanka,AB-,tamil nadu,coimbatore,91203294700,147846,romilbrahmbhatt@shetty.net,Coimbatore General Hospital 154,11.0168445,76.9558321
Badal Dada,A-,kerala,kochi,91480613013,65868,sonikavya@shenoy.com,Kochi General Hospital 155,9.9312328,76.2673041
Vardaniya Kar,B-,karnataka,bengaluru,91949793585,675483,armaan42@kale.com,Fortis Hospital,12.9715987,77.5945627
Rasha Bassi,B-,tamil nadu,chennai,91530060128,835880,darshit25@keer-venkatesh.biz,MIOT International,13.0826802,80.2707184
Taimur Sant,AB-,uttar pradesh,varanasi,91907688582,146545,prama@walia.com,Varanasi General Hospital 158,25.3176452,82.9739144
Seher Devi,O+,tamil nadu,madurai,91275323519,149502,bhavinthakur@luthra-raval.net,Madurai General Hospital 159,9.9252007,78.1197754
Keya Wadhwa,B+,gujarat,ahmedabad,91855443387,67018,ramaswamyshaan@dhawan-baria.info,CIMS Hospital,23.022505,72.5713621
Anaya Taneja,A-,delhi,new delhi,91844051354,324512,abramdutt@yahoo.com,AIIMS Delhi,,
Sara Grover,AB-,tamil nadu,coimbatore,91471882918,538808,jivin23@dixit-grover.com,Coimbatore General Hospital 162,11.0168445,76.9558321
Madhup Grover,AB+,tamil nadu,madurai,91141246673,397662,qsom@choudhry.biz,Madurai General Hospital 163,9.9252007,78.1197754
Zara Saini,O-,kerala,kochi,91277495652,247868,riaan15@hotmail.com,Kochi General Hospital 164,9.9312328,76.2673041
Madhav Saini,A-,maharashtra,mumbai,91425161537,502799,ravelraghav@badami-sankar.org,Lilavati Hospital,19.0759837,72.8776559
Mohanlal Raval,AB+,kerala,kozhikode,91768431355,177594,sahil15@gmail.com,Kozhikode General Hospital 166,,
Vanya Acharya,O+,kerala,thiruvananthapuram,91878777578,152487,eshetty@mandal.com,Thiruvananthapuram General Hospital 167,8.5241391,76.9366376
Biju Mahajan,B+,gujarat,vadodara,91631299007,549477,pranaydutta@gmail.com,Vadodara General Hospital 168,22.3071588,73.1812187
Vardaniya Balakrishnan,B-,karnataka,mysuru,91775811724,417144,rohan48@hotmail.com,Mysuru General Hospital 169,,
Krish Anne,O+,karnataka,hubli,91778597220,400462,amiradeo@gmail.com,Hubli General Hospital 170,15.3647083,75.1239547
Farhan Singhal,A+,gujarat,surat,91490674117,578531,divijdey@ramachandran-raja.com,Surat General Hospital 171,21.1702401,72.8310607
Dharmajan Yogi,B-,maharashtra,pune,91304637845,893698,zachariahranbir@yahoo.com,Sahyadri Hospital,18.5204303,73.8567437
Divyansh Gill,A+,maharashtra,pune,91822855146,538845,nayantara13@hotmail.com,Jehangir Hospital,18.5204303,73.8567437
Kimaya Borah,AB-,kerala,kochi,91454566424,738188,vvenkataraman@hotmail.com,Kochi General Hospital 174,9.9312328,76.2673041
Seher Rao,AB-,delhi,new delhi,91661298875,593446,ojhaveri@yahoo.com,AIIMS Delhi,,
Neysa Atwal,AB-,delhi,new delhi,91327675246,427621,wmane@chandran-kumar.com,Sir Ganga Ram Hospital,,
Alia Dugar,A-,delhi,new delhi,91318741344,382853,bmall@datta.net,AIIMS Delhi,,
Kabir Chokshi,O+,karnataka,mysuru,91850263943,26945,indranildewan@sathe.info,Mysuru General Hospital 178,,
Eva Chaudhary,AB+,maharashtra,pune,91510739444,826000,mannat56@chaudhry.com,Jehangir Hospital,18.5204303,73.8567437
Ryan Jha,O-,maharashtra,mumbai,91954945409,426475,yuvraj-dhar@gola.com,Kokilaben Hospital,19.0759837,72.8776559
Lagan Dhawan,AB+,karnataka,bengaluru,91868289630,147905,ivan80@kaul.com,Manipal Hospital,12.9715987,77.5945627
Ela Chaudhry,O+,tamil nadu,coimbatore,91299813844,13331,yuvaan61@hotmail.com,Coimbatore General Hospital 182,11.0168445,76.9558321
Mannat Sandal,A+,karnataka,hubli,91312833853,860478,badalchaudhuri@yahoo.com,Hubli General Hospital 183,15.3647083,75.1239547
Rania Tiwari,B-,karnataka,bengaluru,91526487390,42907,satwal@dugar.com,Fortis Hospital,12.9715987,77.5945627
Hridaan Varghese,B-,delhi,new delhi,91999492191,92942,mohanlalkashyap@yahoo.com,AIIMS Delhi,,
Jayant Kala,AB-,gujarat,ahmedabad,91111269249,895394,jhaeshani@yahoo.com,CIMS Hospital,23.022505,72.5713621
Advik Bora,B-,maharashtra,mumbai,91784857298,768126,vkohli@gmail.com,Lilavati Hospital,19.0759837,72.8776559
Divyansh Kala,AB-,uttar pradesh,lucknow,91751765840,44579,pchana@hotmail.com,Apollomedics Hospital,26.8466937,80.946166
Samarth Bal,A-,west bengal,howrah,91219374034,450531,edara@hotmail.com,Howrah General Hospital 189,,
Bhamini Dhar,A+,gujarat,ahmedabad,91533859898,560094,eshani82@mann.org,CIMS Hospital,23.022505,72.5713621
Veer Dalal,B-,gujarat,vadodara,91503638672,237735,gokulbobal@yahoo.com,Vadodara General Hospital 191,22.3071588,73.1812187
Kiaan Yogi,O+,tamil nadu,madurai,91151674916,585944,nirvaandin@hotmail.com,Madurai General Hospital 192,9.9252007,78.1197754
Divit Tailor,AB+,uttar pradesh,varanasi,91531065453,759790,anika50@hotmail.com,Varanasi General Hospital 193,25.3176452,82.9739144
Shamik Mann,A+,tamil nadu,coimbatore,91745904009,236865,rgala@hotmail.com,Coimbatore General Hospital 194,11.0168445,76.9558321
Pari Grewal,A+,karnataka,mysuru,91785165156,690534,chandtaran@sharma.info,Mysuru General Hospital 195,,
Shanaya Chokshi,AB+,tamil nadu,chennai,91454529216,648953,ramaswamydhanush@sidhu-gupta.com,Apollo Chennai,13.0826802,80.2707184
Zeeshan Raja,AB-,kerala,kozhikode,91260561705,264487,zchopra@kothari-shah.com,Kozhikode General Hospital 197,,
Aarav Salvi,AB-,west bengal,howrah,91495344711,999841,hshah@hotmail.com,Howrah General Hospital 198,,
Lakshay Sharma,AB+,kerala,thiruvananthapuram,91943298131,616801,dhanushtripathi@bhatt.com,Thiruvananthapuram General Hospital 199,8.5241391,76.9366376
Nakul Loyal,B+,kerala,kochi,91714382830,908189,ahana-sawhney@gmail.com,Kochi General Hospital 200,9.9312328,76.2673041
Indrans Verma,AB+,kerala,kozhikode,91115784880,136025,aarna78@kar-barad.com,Kozhikode General Hospital 201,,
Misha Bal,O-,kerala,kozhikode,91577621532,235793,aarush17@kala.com,Kozhikode General Hospital 202,,
Jiya Vohra,AB-,gujarat,surat,91601689735,300986,kimayakohli@gmail.com,Surat General Hospital 203,21.1702401,72.8310607
Mishti Dutta,A-,delhi,new delhi,91330582975,405864,gargjiya@yahoo.com,Sir Ganga Ram Hospital,,
Sara Din,A+,west bengal,howrah,91491175362,658718,jayantramaswamy@gmail.com,Howrah General Hospital 205,,
Madhup Agrawal,O-,maharashtra,mumbai,91313324968,30277,jayant86@anand.com,Kokilaben Hospital,19.0759837,72.8776559
Zoya Dugar,AB-,tamil nadu,madurai,91795390997,455560,jayant16@lal.com,Madurai General Hospital 207,9.9252007,78.1197754
Saksham Batta,A-,gujarat,ahmedabad,91413824957,239750,samairamani@hotmail.com,CIMS Hospital,23.022505,72.5713621
Ishita Bumb,B-,gujarat,surat,91534698161,686577,shayakbajwa@yahoo.com,Surat General Hospital 209,21.1702401,72.8310607
Nitara Madan,B+,tamil nadu,coimbatore,91118111850,49875,blal@yahoo.com,Coimbatore General Hospital 210,11.0168445,76.9558321
Vedika Doctor,B-,karnataka,bengaluru,91365322374,35314,adirasodhi@sani-singhal.com,Manipal Hospital,12.9715987,77.5945627
Zara Chaudhry,O+,kerala,thiruvananthapuram,91811105385,740957,eedwin@hotmail.com,Thiruvananthapuram General Hospital 212,8.5241391,76.9366376
Jivin Devan,O+,gujarat,vadodara,91452013644,440916,drishya05@shere-lala.net,Vadodara General Hospital 213,22.3071588,73.1812187
Veer Banik,B+,uttar pradesh,varanasi,91724091339,365687,wsandhu@yahoo.com,Varanasi General Hospital 214,25.3176452,82.9739144
Zain Babu,B+,karnataka,mysuru,91696109498,462774,nityaaggarwal@kari.net,Mysuru General Hospital 215,,
Kanav Goyal,AB-,maharashtra,mumbai,91220370881,391020,farhan73@hotmail.com,Kokilaben Hospital,19.0759837,72.8776559
Kavya Ranganathan,O-,uttar pradesh,lucknow,91459440690,246811,eseshadri@yahoo.com,Medanta Lucknow,26.8466937,80.946166
Diya Savant,O+,gujarat,vadodara,91149274175,238634,aainabail@hotmail.com,Vadodara General Hospital 218,22.3071588,73.1812187
Onkar Keer,O+,west bengal,kolkata,91661315809,852568,priyanshmammen@chakrabarti-tella.com,AMRI Hospitals,22.572646,88.363895
Renee Sodhi,B-,uttar pradesh,varanasi,91707755554,500755,ikarnik@hotmail.com,Varanasi General Hospital 220,25.3176452,82.9739144
Hazel Biswas,AB+,gujarat,ahmedabad,91643855101,812571,nayantara21@gmail.com,Sterling Hospital,23.022505,72.5713621
Pranay Dhingra,A+,tamil nadu,chennai,91742307496,761759,ydhawan@bhakta-lad.info,Apollo Chennai,13.0826802,80.2707184
Hridaan Kari,O-,west bengal,kolkata,91981354898,507128,indrans37@gmail.com,AMRI Hospitals,22.572646,88.363895
Ela Mangal,B-,gujarat,ahmedabad,91784536475,45672,shlok22@setty-som.com,CIMS Hospital,23.022505,72.5713621
Baiju Bobal,AB+,tamil nadu,coimbatore,91410456680,104333,dharvardaniya@mani-bora.org,Coimbatore General Hospital 225,11.0168445,76.9558321
Yuvaan Ramaswamy,AB-,karnataka,mysuru,91105337229,797736,bavajayesh@gmail.com,Mysuru General Hospital 226,,
Vaibhav Chaudhuri,AB+,karnataka,hubli,91821854242,725683,aradhya31@gmail.com,Hubli General Hospital 227,15.3647083,75.1239547
Jiya Varma,B-,west bengal,kolkata,91915585263,368909,jaggilavanya@dhawan-deol.biz,Fortis Kolkata,22.572646,88.363895
Indrans Barman,A-,kerala,thiruvananthapuram,91926300963,856367,duttanayantara@gmail.com,Thiruvananthapuram General Hospital 229,8.5241391,76.9366376
Kabir Kala,B+,tamil nadu,chennai,91488725733,135363,sanikaira@yahoo.com,Apollo Chennai,13.0826802,80.2707184
Sara Ganguly,B+,uttar pradesh,lucknow,91598351089,112188,zain50@yahoo.com,Medanta Lucknow,26.8466937,80.946166
Anahi Kala,A-,west bengal,howrah,91256778090,89827,chadanvi@gmail.com,Howrah General Hospital 232,,
Samiha Sengupta,A-,gujarat,surat,91989159735,445588,miraan50@hotmail.com,Surat General Hospital 233,21.1702401,72.8310607
Nayantara Kalita,AB-,west bengal,kolkata,91824534615,566049,aayushbhattacharyya@yahoo.com,Fortis Kolkata,22.572646,88.363895
Uthkarsh Jha,O-,delhi,new delhi,91314380402,121871,chiragthakkar@hotmail.com,AIIMS Delhi,,
Sana Shukla,B-,karnataka,hubli,91119767757,891917,rattazain@gmail.com,Hubli General Hospital 236,15.3647083,75.1239547
Madhup Mani,O+,uttar pradesh,lucknow,91385677102,818457,yjani@gmail.com,Medanta Lucknow,26.8466937,80.946166
Pihu Vyas,AB+,uttar pradesh,varanasi,91602557787,154130,faiyaz73@gara.org,Varanasi General Hospital 238,25.3176452,82.9739144
Saira Dass,B-,gujarat,ahmedabad,91394958898,937767,wwalla@gmail.com,Sterling Hospital,23.022505,72.5713621
Nehmat Kannan,O-,kerala,thiruvananthapuram,91138612600,921217,zvarughese@gmail.com,Thiruvananthapuram General Hospital 240,8.5241391,76.9366376
Manjari Khurana,AB+,delhi,new delhi,91140628420,311582,eshaniwable@thaman-krishnan.net,AIIMS Delhi,,
Vivaan Chaudhary,A+,gujarat,surat,91588358727,977937,shanayacontractor@rajan.com,Surat General Hospital 242,21.1702401,72.8310607
Mahika Sant,A-,kerala,kozhikode,91577869029,192493,shayakchandran@sastry.com,Kozhikode General Hospital 243,,
Renee Badal,A+,uttar pradesh,lucknow,91982749948,385461,valajhanvi@venkatesh.info,Apollomedics Hospital,26.8466937,80.946166
Priyansh Dutt,B-,uttar pradesh,lucknow,91305369849,407680,qbala@khurana.com,Medanta Lucknow,26.8466937,80.946166
Yasmin Johal,A+,gujarat,ahmedabad,91583886486,840026,wravel@vasa-shukla.com,CIMS Hospital,23.022505,72.5713621
Eshani Rajagopalan,B+,karnataka,bengaluru,91623720262,890865,sdutta@yahoo.com,Manipal Hospital,12.9715987,77.5945627
Shray Lalla,B-,uttar pradesh,lucknow,91841502741,788946,qborra@gmail.com,Apollomedics Hospital,26.8466937,80.946166
Tushar Kashyap,B-,delhi,new delhi,91436738457,722338,manikya46@hotmail.com,AIIMS Delhi,,
Shalv Acharya,A-,maharashtra,nagpur,91516707238,87785,gokulrao@hotmail.com,Nagpur General Hospital 250,21.1458004,79.0881546
Taimur Karnik,O+,kerala,kochi,91227742555,932547,varkeysumer@sangha.com,Kochi General Hospital 251,9.9312328,76.2673041
Alia Lanka,AB-,kerala,thiruvananthapuram,91820346333,739587,deviparinaaz@hotmail.com,Thiruvananthapuram General Hospital 252,8.5241391,76.9366376
Riya Kunda,AB-,west bengal,kolkata,91238450715,964359,biswastiya@mann-sibal.biz,AMRI Hospitals,22.572646,88.363895
Ayesha Shankar,A+,tamil nadu,madurai,91578044956,47830,balisamarth@gokhale.com,Madurai General Hospital 254,9.9252007,78.1197754
Keya Brahmbhatt,AB+,tamil nadu,madurai,91999784015,285768,tusharbala@gmail.com,Madurai General Hospital 255,9.9252007,78.1197754
Chirag Dalal,B+,karnataka,hubli,91550653464,291851,vbatta@gmail.com,Hubli General Hospital 256,15.3647083,75.1239547
Kashvi Joshi,O+,tamil nadu,madurai,91903344290,53754,charvi90@gmail.com,Madurai General Hospital 257,9.9252007,78.1197754
Rania Shetty,A-,uttar pradesh,kanpur,91728162261,999699,pihugole@gmail.com,Kanpur General Hospital 258,26.447965,80.330572
Ranbir Rana,B+,karnataka,bengaluru,91950695782,214838,bhallasaira@vyas-dhawan.net,Manipal Hospital,12.9715987,77.5945627
Raunak Das,AB+,tamil nadu,chennai,91827429982,46249,okhosla@singhal.info,Apollo Chennai,13.0826802,80.2707184
Samar Dar,A+,tamil nadu,chennai,91138275864,69695,boraprisha@yahoo.com,MIOT International,13.0826802,80.2707184
Ehsaan Vyas,B+,karnataka,bengaluru,91805979565,944842,baradeva@bala.net,Fortis Hospital,12.9715987,77.5945627
Nirvaan Sinha,B-,maharashtra,pune,91702585469,82557,samiha60@hotmail.com,Jehangir Hospital,18.5204303,73.8567437
Gatik Zachariah,B-,tamil nadu,chennai,91442907525,767898,kartikgill@lala-lad.com,Apollo Chennai,13.0826802,80.2707184
Aayush Batta,O-,maharashtra,nagpur,91559996450,87286,hiran76@hotmail.com,Nagpur General Hospital 265,21.1458004,79.0881546
Jayesh Sandal,A-,kerala,kochi,91105861306,590084,jluthra@rout.com,Kochi General Hospital 266,9.9312328,76.2673041
Shlok Srinivas,O+,west bengal,howrah,91686327370,17165,ebaria@dhar-khare.com,Howrah General Hospital 267,,
Divit Edwin,A+,gujarat,surat,91811169758,338278,kgopal@varma.org,Surat General Hospital 268,21.1702401,72.8310607
Keya Koshy,B-,kerala,thiruvananthapuram,91294011476,362624,prerakdeep@hotmail.com,Thiruvananthapuram General Hospital 269,8.5241391,76.9366376
Manikya Ghosh,O+,kerala,thiruvananthapuram,91855056197,417452,lankaumang@gmail.com,Thiruvananthapuram General Hospital 270,8.5241391,76.9366376
Gatik Shenoy,AB-,karnataka,hubli,91679984411,66326,lbarad@yahoo.com,Hubli General Hospital 271,15.3647083,75.1239547
Eva Banerjee,B-,gujarat,ahmedabad,91427969409,273638,thamanjiya@hotmail.com,CIMS Hospital,23.022505,72.5713621
Pranay Das,AB-,west bengal,kolkata,91148541499,355789,wrattan@yahoo.com,AMRI Hospitals,22.572646,88.363895
Anahita Srinivasan,AB-,uttar pradesh,varanasi,91326835411,573892,kashvisundaram@gmail.com,Varanasi General Hospital 274,25.3176452,82.9739144
Samiha Johal,AB+,tamil nadu,madurai,91424001314,127927,dugalhiran@gmail.com,Madurai General Hospital 275,9.9252007,78.1197754
Amani Soman,AB+,uttar pradesh,varanasi,91829491627,147264,xchakraborty@kata.com,Varanasi General Hospital 276,25.3176452,82.9739144
Yuvraj  Ratti,B+,maharashtra,nagpur,91681244245,402267,mahikasandal@hotmail.com,Nagpur General Hospital 277,21.1458004,79.0881546
Drishya Barad,O-,kerala,thiruvananthapuram,91405009244,823232,sanghatara@hotmail.com,Thiruvananthapuram General Hospital 278,8.5241391,76.9366376
Rhea Balay,B-,uttar pradesh,lucknow,91104352799,797724,bkuruvilla@hotmail.com,Medanta Lucknow,26.8466937,80.946166
Azad Bhagat,AB-,kerala,thiruvananthapuram,91981606177,637454,nayantara59@mangal.com,Thiruvananthapuram General Hospital 280,8.5241391,76.9366376
Anaya Gola,B+,west bengal,kolkata,91411069886,329001,mehul58@salvi.com,AMRI Hospitals,22.572646,88.363895
Diya Sampath,AB-,kerala,kochi,91357611082,153446,nrajan@yahoo.com,Kochi General Hospital 282,9.9312328,76.2673041
Zara Bhatnagar,O-,maharashtra,pune,91601033810,895555,ysrinivas@chahal.net,Jehangir Hospital,18.5204303,73.8567437
Dishani Sampath,B-,tamil nadu,madurai,91266979522,193898,usuresh@ratti.com,Madurai General Hospital 284,9.9252007,78.1197754
Nakul Bhatt,B-,delhi,new delhi,91302130519,964129,loyaltiya@yahoo.com,AIIMS Delhi,,
Rohan Tata,O+,west bengal,howrah,91135014303,39830,sachdevsuhana@yahoo.com,Howrah General Hospital 286,,
Indrans Contractor,A+,uttar pradesh,varanasi,91708586442,850503,dharvanya@sinha.org,Varanasi General Hospital 287,25.3176452,82.9739144
Mehul Sidhu,A-,maharashtra,nagpur,91523006731,354714,qbarman@jain.com,Nagpur General Hospital 288,21.1458004,79.0881546
Baiju Sunder,B-,tamil nadu,chennai,91221248603,348829,ksaran@yahoo.com,MIOT International,13.0826802,80.2707184
Kiaan Ghosh,B-,west bengal,kolkata,91441816680,137028,nmangat@barman.info,Fortis Kolkata,22.572646,88.363895
Sara Bajwa,AB+,tamil nadu,madurai,91692849444,895736,srinivasvedika@gmail.com,Madurai General Hospital 291,9.9252007,78.1197754
Azad Mani,B+,kerala,thiruvananthapuram,91234226636,209916,chirag54@shukla.com,Thiruvananthapuram General Hospital 292,8.5241391,76.9366376
Veer Bail,O+,uttar pradesh,kanpur,91952038256,613793,zagarwal@sani.net,Kanpur General Hospital 293,26.447965,80.330572
Aarush Kuruvilla,A-,west bengal,kolkata,91846326187,726976,vchad@yahoo.com,Fortis Kolkata,22.572646,88.363895
Shray Mand,O-,tamil nadu,coimbatore,91628865756,622592,gkorpal@gmail.com,Coimbatore General Hospital 295,11.0168445,76.9558321
Kanav Babu,AB-,delhi,new delhi,91442467987,861332,dubegatik@gmail.com,Sir Ganga Ram Hospital,,
Hansh Kapadia,B-,tamil nadu,chennai,91132778966,159189,dinahana@ram.info,MIOT International,13.0826802,80.2707184
Tanya Ramaswamy,AB+,west bengal,kolkata,91851243894,599776,prerakkumar@yahoo.com,Fortis Kolkata,22.572646,88.363895
Lakshay Karan,A-,kerala,kozhikode,91225040273,50745,hshan@dixit.net,Kozhikode General Hospital 299,,
Shlok Som,AB-,west bengal,kolkata,91647958632,149878,bbatra@mander-majumdar.com,Fortis Kolkata,22.572646,88.363895
Prerak Madan,O+,karnataka,bengaluru,91728451128,999859,jivin41@hotmail.com,Manipal Hospital,12.9715987,77.5945627
Biju Bedi,B-,kerala,kozhikode,91689958550,941179,mamooty52@gmail.com,Kozhikode General Hospital 302,,
Farhan Chaudhary,O-,uttar pradesh,varanasi,91919689922,354160,indrajitsrivastava@hotmail.com,Varanasi General Hospital 303,25.3176452,82.9739144
Tejas Aggarwal,O+,west bengal,kolkata,91950874131,830564,ivanahora@gmail.com,Fortis Kolkata,22.572646,88.363895
Myra Thakkar,B-,gujarat,ahmedabad,91795985759,332417,rohan12@yahoo.com,Sterling Hospital,23.022505,72.5713621
Indrajit Manda,O-,west bengal,howrah,91694821637,653271,nakul50@gmail.com,Howrah General Hospital 306,,
Vaibhav Chandra,O+,delhi,new delhi,91744483136,799953,laddarshit@varma.com,AIIMS Delhi,,
Zeeshan Rajagopal,B-,delhi,new delhi,91519043142,690676,nishithsubramaniam@gmail.com,Sir Ganga Ram Hospital,,
Dhruv Deo,B+,delhi,new delhi,91426290933,488375,dyalela@vaidya.com,AIIMS Delhi,,
Farhan Kumar,O+,maharashtra,mumbai,91996042946,994416,farhanbalay@dar-venkataraman.org,Kokilaben Hospital,19.0759837,72.8776559
Mannat Chakrabarti,AB+,tamil nadu,chennai,91361862369,467714,khatrimadhav@vohra.org,MIOT International,13.0826802,80.2707184
Jayant Venkataraman,O-,kerala,thiruvananthapuram,91665491493,860536,sahotaanvi@gmail.com,Thiruvananthapuram General Hospital 312,8.5241391,76.9366376
Taran Andra,B+,west bengal,howrah,91166082930,517163,taimursachdeva@yahoo.com,Howrah General Hospital 313,,
Zaina Madan,O-,uttar pradesh,varanasi,91990542412,758377,isandhu@srinivasan-choudhury.biz,Varanasi General Hospital 314,25.3176452,82.9739144
Shlok Agrawal,O+,west bengal,kolkata,91645386434,104679,sharafkismat@lanka.net,AMRI Hospitals,22.572646,88.363895
Tarini Joshi,O+,uttar pradesh,varanasi,91812695840,686702,wdara@hotmail.com,Varanasi General Hospital 316,25.3176452,82.9739144
Jivika Rattan,B-,karnataka,bengaluru,91601371852,849755,osamra@yahoo.com,Manipal Hospital,12.9715987,77.5945627
Jayesh Maharaj,A-,maharashtra,pune,91175794491,781461,bumbira@yahoo.com,Sahyadri Hospital,18.5204303,73.8567437
Chirag Rau,AB+,tamil nadu,madurai,91180537088,352796,yashvibail@gmail.com,Madurai General Hospital 319,9.9252007,78.1197754
Rasha Banerjee,O-,delhi,new delhi,91465348650,326342,tankaaina@hotmail.com,Sir Ganga Ram Hospital,,
Reyansh Vaidya,B+,uttar pradesh,kanpur,91369000068,986768,ysachdev@loke.biz,Kanpur General Hospital 321,26.447965,80.330572
Dhruv Ganesh,O-,delhi,new delhi,91168022845,801699,yuvaansood@hotmail.com,Sir Ganga Ram Hospital,,
Vidur Sha,B-,west bengal,howrah,91534317868,93673,manjarisinha@gmail.com,Howrah General Hospital 323,,
Diya Kurian,AB-,west bengal,howrah,91132872458,659665,sachdevranbir@yahoo.com,Howrah General Hospital 324,,
Fateh Sankar,B+,maharashtra,mumbai,91559890123,314044,misha99@kalita.com,Lilavati Hospital,19.0759837,72.8776559
Ritvik Randhawa,B-,maharashtra,nagpur,91408960114,95766,awason@gmail.com,Nagpur General Hospital 326,21.1458004,79.0881546
Ira Bhatnagar,B+,uttar pradesh,lucknow,91924897112,681398,shalvkapadia@arora.com,Medanta Lucknow,26.8466937,80.946166
Anahi Sachdeva,B+,west bengal,howrah,91200739682,656903,raunakyohannan@gmail.com,Howrah General Hospital 328,,
Dhanuk Raja,O-,gujarat,ahmedabad,91727235312,85308,kchoudhry@sidhu-bahl.net,Sterling Hospital,23.022505,72.5713621
Yashvi Desai,O+,kerala,kozhikode,91757976558,853079,samarthagarwal@deo.biz,Kozhikode General Hospital 330,,
Darshit Chhabra,O-,karnataka,hubli,91131467993,228055,kotaseher@cherian.biz,Hubli General Hospital 331,15.3647083,75.1239547
Kashvi Barad,A+,tamil nadu,madurai,91716241084,788014,divitkeer@bhakta-rajan.biz,Madurai General Hospital 332,9.9252007,78.1197754
Hridaan Sandal,AB-,karnataka,mysuru,91562488095,732935,seher01@dhawan.com,Mysuru General Hospital 333,,
Anvi Verma,B-,karnataka,mysuru,91537494376,77843,laganbarman@hotmail.com,Mysuru General Hospital 334,,
Dhruv Singh,AB-,gujarat,ahmedabad,91560628544,976207,jkapadia@raja.org,Sterling Hospital,23.022505,72.5713621
Sara Rana,B+,delhi,new delhi,91122113464,241994,xmagar@yahoo.com,Sir Ganga Ram Hospital,,
Mehul Venkatesh,A-,tamil nadu,coimbatore,91796538495,264178,kalanitya@roy-andra.com,Coimbatore General Hospital 337,11.0168445,76.9558321
Vivaan Balasubramanian,A-,uttar pradesh,lucknow,91281633917,231801,khalsakiara@bhardwaj.com,Apollomedics Hospital,26.8466937,80.946166
Heer Ranganathan,B+,gujarat,vadodara,91744350504,11298,dharmajanchandra@sawhney.org,Vadodara General Hospital 339,22.3071588,73.1812187
Nitya Subramaniam,AB-,uttar pradesh,kanpur,91641066297,979976,chackonishith@anand.com,Kanpur General Hospital 340,26.447965,80.330572
Aaryahi Bains,AB+,maharashtra,pune,91437226209,284385,rania88@aurora.com,Jehangir Hospital,18.5204303,73.8567437
Adah Balasubramanian,B-,maharashtra,nagpur,91467050757,201080,magardivit@subramaniam.com,Nagpur General Hospital 342,21.1458004,79.0881546
Nehmat Shetty,B+,uttar pradesh,lucknow,91111538688,200403,reyanshsuri@gmail.com,Medanta Lucknow,26.8466937,80.946166
Nayantara Bains,B+,gujarat,vadodara,91606720219,214475,taimur30@khosla.com,Vadodara General Hospital 344,22.3071588,73.1812187
Zoya Amble,B+,karnataka,mysuru,91182877841,159146,sgandhi@bali.com,Mysuru General Hospital 345,,
Nirvaan Soni,O+,tamil nadu,madurai,91939586896,690999,bathrati@kumar.com,Madurai General Hospital 346,9.9252007,78.1197754
Miraan Dube,O+,delhi,new delhi,91368922365,27585,ashukla@upadhyay-dugar.info,AIIMS Delhi,,
Reyansh Khare,B+,tamil nadu,chennai,91681045473,466881,myragara@gmail.com,Apollo Chennai,13.0826802,80.2707184
Ritvik Suri,O+,gujarat,surat,91952718649,974309,ivana15@gmail.com,Surat General Hospital 349,21.1702401,72.8310607
Miraya Sethi,B+,west bengal,kolkata,91635970638,21171,armaan25@sant.com,Fortis Kolkata,22.572646,88.363895
Lavanya Kamdar,A+,maharashtra,mumbai,91244882350,771143,biju46@yahoo.com,Lilavati Hospital,19.0759837,72.8776559
Ishita Shetty,A+,uttar pradesh,kanpur,91150764791,338776,babushray@sagar.com,Kanpur General Hospital 352,26.447965,80.330572
Heer Chada,A-,delhi,new delhi,91916265391,635557,fkaul@hotmail.com,AIIMS Delhi,,
Zara Dewan,AB+,gujarat,ahmedabad,91404870396,798657,gourdhruv@varma.com,CIMS Hospital,23.022505,72.5713621
Riaan Rout,A+,maharashtra,mumbai,91571961714,447069,jayeshbhasin@loyal-mannan.com,Lilavati Hospital,19.0759837,72.8776559
Mahika Brar,O-,delhi,new delhi,91795858727,536241,riya47@hotmail.com,Sir Ganga Ram Hospital,,
Himmat Bhasin,A+,west bengal,howrah,91622945958,709888,usuri@tandon.com,Howrah General Hospital 357,,
Bhamini Handa,B+,karnataka,bengaluru,91616691788,260251,wwalla@gmail.com,Fortis Hospital,12.9715987,77.5945627
Biju Mangat,AB+,kerala,kozhikode,91750057443,939543,blad@hotmail.com,Kozhikode General Hospital 359,,
Kimaya Bose,A+,kerala,kozhikode,91450727853,487321,kabirsandhu@chowdhury.info,Kozhikode General Hospital 360,,
Jayant Doshi,AB-,uttar pradesh,varanasi,91972633699,528631,bhattimohanlal@sundaram-butala.com,Varanasi General Hospital 361,25.3176452,82.9739144
Himmat Sahota,O-,uttar pradesh,kanpur,91273076584,794586,divij19@walia-deol.biz,Kanpur General Hospital 362,26.447965,80.330572
Alisha Sodhi,A-,maharashtra,mumbai,91776704704,732345,dghose@gmail.com,Lilavati Hospital,19.0759837,72.8776559
Uthkarsh Dash,A-,west bengal,howrah,91774821255,269521,jayandeo@yahoo.com,Howrah General Hospital 364,,
Badal Shetty,AB-,gujarat,vadodara,91651570853,743390,zsarkar@yahoo.com,Vadodara General Hospital 365,22.3071588,73.1812187
Zoya Swamy,O-,gujarat,vadodara,91374249441,754181,vkhalsa@sen.com,Vadodara General Hospital 366,22.3071588,73.1812187
Anaya Aurora,A-,delhi,new delhi,91648649969,451869,dhruv89@hotmail.com,AIIMS Delhi,,
Devansh Dutt,O-,kerala,kozhikode,91825245472,99460,urvirout@yahoo.com,Kozhikode General Hospital 368,,
Aarush Krishnamurthy,A-,west bengal,kolkata,91789728875,217074,anahitatripathi@yahoo.com,AMRI Hospitals,22.572646,88.363895
Khushi Sanghvi,A+,west bengal,howrah,91619719673,484048,nishithbutala@saraf.com,Howrah General Hospital 370,,
Riaan Sharaf,A-,karnataka,mysuru,91570501904,170326,fdewan@varty-barad.biz,Mysuru General Hospital 371,,
Mahika Kakar,B+,west bengal,kolkata,91407991651,288022,zbhatt@yahoo.com,Fortis Kolkata,22.572646,88.363895
Indrans Samra,O-,karnataka,mysuru,91376869284,196877,anayagulati@hotmail.com,Mysuru General Hospital 373,,
Aaina Lata,B-,tamil nadu,chennai,91216204415,760535,chandertanya@lad.com,Apollo Chennai,13.0826802,80.2707184
Kiaan Hora,O+,karnataka,bengaluru,91368326649,76009,xchaudhari@gmail.com,Manipal Hospital,12.9715987,77.5945627
Indranil Ramakrishnan,A+,west bengal,howrah,91440806306,366076,idewan@mangal.info,Howrah General Hospital 376,,
Urvi Kamdar,B+,delhi,new delhi,91163691719,982982,ldhingra@gmail.com,AIIMS Delhi,,
Anahi Batta,A+,west bengal,kolkata,91145271813,637415,uravi@gopal.com,Fortis Kolkata,22.572646,88.363895
Kanav Rastogi,A-,uttar pradesh,lucknow,91266964596,998893,kavyasant@yahoo.com,Medanta Lucknow,26.8466937,80.946166
Ehsaan Doshi,B+,kerala,kozhikode,91243669954,603054,shanayaray@hotmail.com,Kozhikode General Hospital 380,,
Advik Dyal,A-,west bengal,kolkata,91938719893,598256,zwadhwa@comar.com,AMRI Hospitals,22.572646,88.363895
Samaira Shenoy,B+,delhi,new delhi,91159935905,213509,acontractor@chaudhary.net,Sir Ganga Ram Hospital,,
Tiya Dara,B-,maharashtra,pune,91868854659,798153,mbrahmbhatt@hotmail.com,Jehangir Hospital,18.5204303,73.8567437
Vedika Wadhwa,B+,maharashtra,mumbai,91525719681,394733,gandhivaibhav@gmail.com,Kokilaben Hospital,19.0759837,72.8776559
Samar Malhotra,AB+,gujarat,ahmedabad,91114482833,615914,prerak64@yahoo.com,Sterling Hospital,23.022505,72.5713621
Dhanush Saxena,A+,west bengal,howrah,91625818520,980055,somanmamooty@yahoo.com,Howrah General Hospital 386,,
Neelofar Tripathi,O+,uttar pradesh,varanasi,91740831650,111983,sandalbadal@kaur.info,Varanasi General Hospital 387,25.3176452,82.9739144
Nirvi Taneja,B+,delhi,new delhi,91212001087,63318,srinivasmanjari@gmail.com,Sir Ganga Ram Hospital,,
Bhavin Dube,B+,west bengal,howrah,91536463429,132406,jmannan@yadav.com,Howrah General Hospital 389,,
Dharmajan Babu,O+,tamil nadu,madurai,91454966264,54484,tbanerjee@chakraborty-buch.com,Madurai General Hospital 390,9.9252007,78.1197754
Vivaan D’Alia,O+,maharashtra,nagpur,91105973391,85592,cyogi@dara-wali.biz,Nagpur General Hospital 391,21.1458004,79.0881546
Ishita Mahajan,O-,gujarat,surat,91540210383,263180,anyamand@gmail.com,Surat General Hospital 392,21.1702401,72.8310607
Chirag Kuruvilla,A-,maharashtra,mumbai,91209561664,278113,alisha84@hotmail.com,Lilavati Hospital,19.0759837,72.8776559
Aarav Gour,AB-,delhi,new delhi,91650061145,860132,ndhar@kalla-karnik.com,Sir Ganga Ram Hospital,,
Neelofar Bahri,B+,karnataka,bengaluru,91336080353,496555,aarush01@yahoo.com,Manipal Hospital,12.9715987,77.5945627
Romil Solanki,A-,delhi,new delhi,91328877431,125886,madhav27@gmail.com,Sir Ganga Ram Hospital,,
Aarav Boase,AB+,gujarat,vadodara,91175190147,538364,birprerak@rao.org,Vadodara General Hospital 397,22.3071588,73.1812187
Samarth Kamdar,A-,west bengal,kolkata,91162071824,594601,hrishita29@hotmail.com,Fortis Kolkata,22.572646,88.363895
Yashvi Lata,B+,uttar pradesh,varanasi,91133850174,635264,pacharya@sethi.net,Varanasi General Hospital 399,25.3176452,82.9739144
Vaibhav Jhaveri,B+,tamil nadu,madurai,91497706415,358658,onkarmanda@ganguly.com,Madurai General Hospital 400,9.9252007,78.1197754
Stuvan Sahota,A+,maharashtra,mumbai,91365328805,195831,venkateshryan@trivedi.com,Lilavati Hospital,19.0759837,72.8776559
Adira Dasgupta,O-,uttar pradesh,varanasi,91405539065,704009,tbalasubramanian@yahoo.com,Varanasi General Hospital 402,25.3176452,82.9739144
Purab Sahni,O+,tamil nadu,madurai,91415641236,102513,rania62@yahoo.com,Madurai General Hospital 403,9.9252007,78.1197754
Indrans Mannan,O-,uttar pradesh,kanpur,91910008076,689442,aniruddhlad@gmail.com,Kanpur General Hospital 404,26.447965,80.330572
Parinaaz Kannan,O+,uttar pradesh,varanasi,91268753574,444688,aarush13@gmail.com,Varanasi General Hospital 405,25.3176452,82.9739144
Siya Balay,AB+,kerala,thiruvananthapuram,91854619419,898191,anaychadha@yahoo.com,Thiruvananthapuram General Hospital 406,8.5241391,76.9366376
Inaaya  Keer,A+,maharashtra,pune,91458502416,717255,manneivan@hotmail.com,Jehangir Hospital,18.5204303,73.8567437
Bhamini Ahluwalia,AB+,gujarat,vadodara,91908575379,931356,raviivan@yahoo.com,Vadodara General Hospital 408,22.3071588,73.1812187
Hansh Sanghvi,B+,maharashtra,nagpur,91314602918,819173,mdesai@hotmail.com,Nagpur General Hospital 409,21.1458004,79.0881546
Mahika Khanna,A+,tamil nadu,coimbatore,91741607643,603698,yuvraj-dass@char.com,Coimbatore General Hospital 410,11.0168445,76.9558321
Jayant Ramesh,AB-,uttar pradesh,kanpur,91955623568,131324,kibevaibhav@gmail.com,Kanpur General Hospital 411,26.447965,80.330572
Veer Koshy,O-,delhi,new delhi,91958691125,291386,gillmehul@tailor-suri.com,Sir Ganga Ram Hospital,,
Jivika Chand,A-,maharashtra,mumbai,91387578835,552637,sairakibe@din-dutt.com,Lilavati Hospital,19.0759837,72.8776559
Aaina Dora,A-,gujarat,surat,91343803633,867365,swaminathanmehul@sama.net,Surat General Hospital 414,21.1702401,72.8310607
Nishith Kalla,O-,west bengal,kolkata,91270784060,514605,chiragbalan@vala.org,AMRI Hospitals,22.572646,88.363895
Lavanya Swaminathan,AB-,maharashtra,nagpur,91733613063,629004,tchad@gmail.com,Nagpur General Hospital 416,21.1458004,79.0881546
Rati Halder,O+,gujarat,vadodara,91186067352,876463,cbanik@hari.org,Vadodara General Hospital 417,22.3071588,73.1812187
Nitya Ramaswamy,A+,maharashtra,pune,91389075197,3920,gulatipihu@amble.biz,Sahyadri Hospital,18.5204303,73.8567437
Aaina Sani,B-,tamil nadu,madurai,91463475320,155843,hazel66@karan.biz,Madurai General Hospital 419,9.9252007,78.1197754
Jayant Badami,B-,west bengal,kolkata,91288277090,114632,aborah@gmail.com,Fortis Kolkata,22.572646,88.363895
Gokul Kanda,O-,tamil nadu,chennai,91701036982,697571,chanderanya@arya.com,MIOT International,13.0826802,80.2707184
Mamooty Dara,O-,karnataka,hubli,91393122073,639175,mcomar@hotmail.com,Hubli General Hospital 422,15.3647083,75.1239547
Ivana Jain,AB-,uttar pradesh,lucknow,91128284206,628698,ishaan23@sahni.info,Medanta Lucknow,26.8466937,80.946166
Ivan Kunda,O+,west bengal,howrah,91378127287,414213,aarush05@rau-dube.com,Howrah General Hospital 424,,
Kismat Mall,A-,maharashtra,pune,91438950184,650692,krishsuhana@krish-dhingra.com,Jehangir Hospital,18.5204303,73.8567437
Samar Talwar,B+,uttar pradesh,kanpur,91171168161,788825,hrishita13@hotmail.com,Kanpur General Hospital 426,26.447965,80.330572
Advika Dar,A+,tamil nadu,coimbatore,91195370815,881055,asankar@dewan.net,Coimbatore General Hospital 427,11.0168445,76.9558321
Khushi Soni,B-,west bengal,kolkata,91223989758,966306,ishaanchokshi@yahoo.com,Fortis Kolkata,22.572646,88.363895
Sahil Sharaf,AB+,gujarat,vadodara,91466487461,20495,amagar@gmail.com,Vadodara General Hospital 429,22.3071588,73.1812187
Veer Shenoy,B-,gujarat,surat,91402921765,562104,mastertarini@sane.com,Surat General Hospital 430,21.1702401,72.8310607
Lakshay Chawla,O-,gujarat,ahmedabad,91952379711,353370,ahana-shankar@upadhyay.com,Sterling Hospital,23.022505,72.5713621
Neelofar Chatterjee,B+,maharashtra,pune,91402834590,45641,inaaya-thaman@tata.com,Sahyadri Hospital,18.5204303,73.8567437
Kaira Malhotra,AB+,maharashtra,nagpur,91264284345,721499,doshiehsaan@sekhon.org,Nagpur General Hospital 433,21.1458004,79.0881546
Gokul Saraf,AB-,west bengal,kolkata,91927713312,772559,harisaksham@varkey.org,Fortis Kolkata,22.572646,88.363895
Darshit Chada,B-,uttar pradesh,kanpur,91244832974,544721,vdatta@yahoo.com,Kanpur General Hospital 435,26.447965,80.330572
Ryan Manda,B-,gujarat,ahmedabad,91221983167,616591,jiya84@gole.com,CIMS Hospital,23.022505,72.5713621
Anya Gandhi,B-,delhi,new delhi,91647374859,565495,rkar@sethi-karan.org,AIIMS Delhi,,
Taimur Anne,AB+,gujarat,vadodara,91251699642,60416,shlok44@yahoo.com,Vadodara General Hospital 438,22.3071588,73.1812187
Shray Dasgupta,B+,kerala,thiruvananthapuram,91925098370,876833,nshroff@singhal.com,Thiruvananthapuram General Hospital 439,8.5241391,76.9366376
Himmat Loyal,A+,west bengal,kolkata,91420833875,762097,esaini@shere-chahal.info,Fortis Kolkata,22.572646,88.363895
Nitara Dutt,O-,tamil nadu,madurai,91274052478,541005,mrandhawa@varghese.org,Madurai General Hospital 441,9.9252007,78.1197754
Manjari Kashyap,AB+,tamil nadu,chennai,91574245018,928822,edoshi@hotmail.com,Apollo Chennai,13.0826802,80.2707184
Indrans Bhattacharyya,A-,gujarat,vadodara,91295020160,949212,aaryahiganguly@hotmail.com,Vadodara General Hospital 443,22.3071588,73.1812187
Samaira Goswami,AB+,tamil nadu,chennai,91397473485,302558,chowdhuryanika@kumar-singh.com,Apollo Chennai,13.0826802,80.2707184
Vaibhav Bora,O+,delhi,new delhi,91433716777,429068,dhruv91@gmail.com,AIIMS Delhi,,
Himmat Wadhwa,B+,kerala,thiruvananthapuram,91780923355,190198,miraya41@garg.com,Thiruvananthapuram General Hospital 446,8.5241391,76.9366376
Ira Yadav,O-,karnataka,hubli,91947049150,130347,isidhu@gmail.com,Hubli General Hospital 447,15.3647083,75.1239547
Shalv Sastry,A+,uttar pradesh,varanasi,91963329631,255049,ahans@hotmail.com,Varanasi General Hospital 448,25.3176452,82.9739144
Lagan Batra,B+,kerala,kochi,91383643501,468062,baijuvenkataraman@srivastava.info,Kochi General Hospital 449,9.9312328,76.2673041
Vaibhav Gandhi,B-,tamil nadu,madurai,91243638293,766392,jayant68@contractor.com,Madurai General Hospital 450,9.9252007,78.1197754
Indrans Bhat,AB+,tamil nadu,chennai,91715903460,693947,alisha84@gmail.com,MIOT International,13.0826802,80.2707184
Taimur Joshi,AB+,kerala,kozhikode,91290059512,119667,bajwariya@gmail.com,Kozhikode General Hospital 452,,
Yakshit Tella,B-,kerala,thiruvananthapuram,91730460865,467491,eva85@das.info,Thiruvananthapuram General Hospital 453,8.5241391,76.9366376
Abram Bawa,AB-,gujarat,surat,91262950305,312955,acontractor@gmail.com,Surat General Hospital 454,21.1702401,72.8310607
Raghav Chadha,A+,west bengal,kolkata,91575214413,523168,tarakale@varty-chana.com,AMRI Hospitals,22.572646,88.363895
Darshit Korpal,AB-,gujarat,vadodara,91274770347,825004,jivintaneja@yahoo.com,Vadodara General Hospital 456,22.3071588,73.1812187
Ojas Mangat,A+,west bengal,howrah,91543221066,610416,kiara23@gmail.com,Howrah General Hospital 457,,
Khushi Varty,O-,delhi,new delhi,91778935377,19901,ikalita@shankar.org,Sir Ganga Ram Hospital,,
Miraya Kaul,B+,maharashtra,pune,91880577998,546009,mganesan@gmail.com,Jehangir Hospital,18.5204303,73.8567437
Ehsaan Sarna,B+,kerala,thiruvananthapuram,91716415865,689807,dinnavya@hotmail.com,Thiruvananthapuram General Hospital 460,8.5241391,76.9366376
Siya Toor,B+,kerala,thiruvananthapuram,91818784912,969083,ssant@lal-maharaj.com,Thiruvananthapuram General Hospital 461,8.5241391,76.9366376
Kashvi Butala,O-,kerala,kochi,91864194100,606458,oorjagade@rege.com,Kochi General Hospital 462,9.9312328,76.2673041
Riya Raju,A+,kerala,kochi,91884094567,894180,dadaivana@yahoo.com,Kochi General Hospital 463,9.9312328,76.2673041
Eshani Dasgupta,A-,west bengal,howrah,91902924731,53367,veer03@yahoo.com,Howrah General Hospital 464,,
Ahana  Deshpande,O+,tamil nadu,chennai,91417281201,73229,byadav@gmail.com,MIOT International,13.0826802,80.2707184
Gatik Lad,A+,uttar pradesh,lucknow,91791321670,600934,nkapoor@yahoo.com,Apollomedics Hospital,26.8466937,80.946166
Elakshi Sridhar,A+,kerala,kozhikode,91114132614,193280,lagantalwar@gmail.com,Kozhikode General Hospital 467,,
Amani Wason,A-,delhi,new delhi,91549597568,20820,taranlalla@brar.com,Sir Ganga Ram Hospital,,
Sahil Goda,AB-,maharashtra,pune,91823104731,528603,amanibatra@yahoo.com,Jehangir Hospital,18.5204303,73.8567437
Suhana Doctor,O+,karnataka,bengaluru,91666072504,586456,vrana@sangha.biz,Fortis Hospital,12.9715987,77.5945627
Navya Srinivasan,O+,kerala,thiruvananthapuram,91744583021,154193,sacharahana@hotmail.com,Thiruvananthapuram General Hospital 471,8.5241391,76.9366376
Arnav Rana,AB+,maharashtra,mumbai,91834059143,539415,banerjeeshamik@sane.com,Kokilaben Hospital,19.0759837,72.8776559
Prerak Gill,AB+,uttar pradesh,varanasi,91989704690,277167,samarvora@gmail.com,Varanasi General Hospital 473,25.3176452,82.9739144
Misha Ramakrishnan,AB+,tamil nadu,coimbatore,91716421212,22147,indranil18@saini.biz,Coimbatore General Hospital 474,11.0168445,76.9558321
Badal Apte,B-,uttar pradesh,kanpur,91250687493,999853,lakshay08@samra.net,Kanpur General Hospital 475,26.447965,80.330572
Nirvaan Varughese,O+,kerala,kozhikode,91290010855,919179,amira40@vaidya.com,Kozhikode General Hospital 476,,
Tanya Bawa,O-,tamil nadu,coimbatore,91198444612,904497,skhare@yahoo.com,Coimbatore General Hospital 477,11.0168445,76.9558321
Dhanuk Dhaliwal,AB-,kerala,thiruvananthapuram,91217229821,402896,miraan56@hotmail.com,Thiruvananthapuram General Hospital 478,8.5241391,76.9366376
Nehmat Roy,A+,maharashtra,pune,91958911669,976443,oghose@gmail.com,Jehangir Hospital,18.5204303,73.8567437
Vanya Mani,B-,west bengal,howrah,91914067962,880012,tarini52@sawhney-bhalla.com,Howrah General Hospital 480,,
Prisha Balay,AB-,kerala,kochi,91347772511,92287,srivastavaanaya@buch-srivastava.com,Kochi General Hospital 481,9.9312328,76.2673041
Anvi Khanna,A-,gujarat,vadodara,91405911166,455807,sbobal@hotmail.com,Vadodara General Hospital 482,22.3071588,73.1812187
Azad Bhakta,O-,gujarat,vadodara,91537267740,981610,abramsathe@babu-chakrabarti.com,Vadodara General Hospital 483,22.3071588,73.1812187
Aayush Lala,O+,maharashtra,nagpur,91547027502,356259,aarushkuruvilla@chand-raja.net,Nagpur General Hospital 484,21.1458004,79.0881546
Kavya Char,A-,uttar pradesh,varanasi,91372903178,762625,aaryahidivan@rastogi.com,Varanasi General Hospital 485,25.3176452,82.9739144
Gatik Agate,AB-,uttar pradesh,lucknow,91535591965,221767,gaderanbir@loke.com,Apollomedics Hospital,26.8466937,80.946166
Tejas Subramanian,AB-,kerala,thiruvananthapuram,91480665307,313462,anaya80@sane-dara.info,Thiruvananthapuram General Hospital 487,8.5241391,76.9366376
Himmat Lanka,A-,gujarat,surat,91952231177,192070,udalal@yahoo.com,Surat General Hospital 488,21.1702401,72.8310607
Reyansh Sankar,AB-,tamil nadu,madurai,91808539051,414250,kartik02@majumdar.net,Madurai General Hospital 489,9.9252007,78.1197754
Jayesh Kadakia,A-,karnataka,bengaluru,91949525450,964348,mamooty14@yahoo.com,Fortis Hospital,12.9715987,77.5945627
Manikya Ghose,A-,maharashtra,pune,91821208983,924904,piyaatwal@verma-hans.com,Jehangir Hospital,18.5204303,73.8567437
Reyansh Dara,O+,west bengal,howrah,91768976645,852646,baijukrishnan@hans.info,Howrah General Hospital 492,,
Aniruddh Sarin,B+,kerala,kozhikode,91973476460,758124,armaan06@yahoo.com,Kozhikode General Hospital 493,,
Sumer Bail,O-,west bengal,kolkata,91116464622,105873,waliajivin@gmail.com,Fortis Kolkata,22.572646,88.363895
Tarini Din,A-,kerala,kochi,91387872125,211023,adar@deep.net,Kochi General Hospital 495,9.9312328,76.2673041
Priyansh Vala,A-,maharashtra,pune,91551920019,997418,priyansh70@yahoo.com,Sahyadri Hospital,18.5204303,73.8567437
Zara Tata,B-,west bengal,kolkata,91705090898,443694,evig@johal-gola.com,AMRI Hospitals,22.572646,88.363895
Vardaniya Wali,O-,gujarat,vadodara,91368925876,913450,lsule@yahoo.com,Vadodara General Hospital 498,22.3071588,73.1812187
Shamik Golla,A+,maharashtra,mumbai,91917939127,515153,vsaraf@hotmail.com,Lilavati Hospital,19.0759837,72.8776559
Damini Bahl,O+,delhi,new delhi,91820953153,281657,mahika83@kala.com,Sir Ganga Ram Hospital,,
